{
    "loss": 19.008949279785156,
    "accuracy": 0.6290030479431152
}