{
    "loss": 17.436397552490234,
    "accuracy": 0.6338368654251099
}